"filename", "language", "JSON", "JavaScript", "HTML", "TypeScript", "PostCSS", "SCSS", "JSON with Comments", "Markdown", "comment", "blank", "total"
"c:\Programowanie\inzFrontend\english-teaching-app-frontend\.prettierrc.json", "JSON", 29, 0, 0, 0, 0, 0, 0, 0, 0, 1, 30
"c:\Programowanie\inzFrontend\english-teaching-app-frontend\README.md", "Markdown", 0, 0, 0, 0, 0, 0, 0, 38, 0, 27, 65
"c:\Programowanie\inzFrontend\english-teaching-app-frontend\angular.json", "JSON", 106, 0, 0, 0, 0, 0, 0, 0, 0, 0, 106
"c:\Programowanie\inzFrontend\english-teaching-app-frontend\docs\errors.md", "Markdown", 0, 0, 0, 0, 0, 0, 0, 30, 0, 11, 41
"c:\Programowanie\inzFrontend\english-teaching-app-frontend\docs\update.md", "Markdown", 0, 0, 0, 0, 0, 0, 0, 54, 0, 28, 82
"c:\Programowanie\inzFrontend\english-teaching-app-frontend\eslint.config.js", "JavaScript", 0, 89, 0, 0, 0, 0, 0, 0, 0, 1, 90
"c:\Programowanie\inzFrontend\english-teaching-app-frontend\package-lock.json", "JSON", 16781, 0, 0, 0, 0, 0, 0, 0, 0, 1, 16782
"c:\Programowanie\inzFrontend\english-teaching-app-frontend\package.json", "JSON", 51, 0, 0, 0, 0, 0, 0, 0, 0, 1, 52
"c:\Programowanie\inzFrontend\english-teaching-app-frontend\proxy.conf.json", "JSON", 8, 0, 0, 0, 0, 0, 0, 0, 0, 0, 8
"c:\Programowanie\inzFrontend\english-teaching-app-frontend\src\app\admin-tools\announcements\announcements.component.html", "HTML", 0, 0, 202, 0, 0, 0, 0, 0, 0, 17, 219
"c:\Programowanie\inzFrontend\english-teaching-app-frontend\src\app\admin-tools\announcements\announcements.component.scss", "SCSS", 0, 0, 0, 0, 0, 0, 0, 0, 0, 1, 1
"c:\Programowanie\inzFrontend\english-teaching-app-frontend\src\app\admin-tools\announcements\announcements.component.spec.ts", "TypeScript", 0, 0, 0, 18, 0, 0, 0, 0, 0, 6, 24
"c:\Programowanie\inzFrontend\english-teaching-app-frontend\src\app\admin-tools\announcements\announcements.component.ts", "TypeScript", 0, 0, 0, 143, 0, 0, 0, 0, 0, 19, 162
"c:\Programowanie\inzFrontend\english-teaching-app-frontend\src\app\admin-tools\messages\messages.component.html", "HTML", 0, 0, 150, 0, 0, 0, 0, 0, 0, 29, 179
"c:\Programowanie\inzFrontend\english-teaching-app-frontend\src\app\admin-tools\messages\messages.component.scss", "SCSS", 0, 0, 0, 0, 0, 0, 0, 0, 0, 1, 1
"c:\Programowanie\inzFrontend\english-teaching-app-frontend\src\app\admin-tools\messages\messages.component.spec.ts", "TypeScript", 0, 0, 0, 18, 0, 0, 0, 0, 0, 6, 24
"c:\Programowanie\inzFrontend\english-teaching-app-frontend\src\app\admin-tools\messages\messages.component.ts", "TypeScript", 0, 0, 0, 93, 0, 0, 0, 0, 0, 13, 106
"c:\Programowanie\inzFrontend\english-teaching-app-frontend\src\app\app.component.html", "HTML", 0, 0, 1, 0, 0, 0, 0, 0, 0, 0, 1
"c:\Programowanie\inzFrontend\english-teaching-app-frontend\src\app\app.component.scss", "SCSS", 0, 0, 0, 0, 0, 0, 0, 0, 0, 1, 1
"c:\Programowanie\inzFrontend\english-teaching-app-frontend\src\app\app.component.spec.ts", "TypeScript", 0, 0, 0, 25, 0, 0, 0, 0, 0, 5, 30
"c:\Programowanie\inzFrontend\english-teaching-app-frontend\src\app\app.component.ts", "TypeScript", 0, 0, 0, 11, 0, 0, 0, 0, 0, 2, 13
"c:\Programowanie\inzFrontend\english-teaching-app-frontend\src\app\app.module.ts", "TypeScript", 0, 0, 0, 85, 0, 0, 0, 0, 2, 8, 95
"c:\Programowanie\inzFrontend\english-teaching-app-frontend\src\app\app.routes.ts", "TypeScript", 0, 0, 0, 157, 0, 0, 0, 0, 0, 6, 163
"c:\Programowanie\inzFrontend\english-teaching-app-frontend\src\app\auth\access\access.component.html", "HTML", 0, 0, 20, 0, 0, 0, 0, 0, 0, 1, 21
"c:\Programowanie\inzFrontend\english-teaching-app-frontend\src\app\auth\access\access.component.scss", "SCSS", 0, 0, 0, 0, 0, 0, 0, 0, 0, 1, 1
"c:\Programowanie\inzFrontend\english-teaching-app-frontend\src\app\auth\access\access.component.spec.ts", "TypeScript", 0, 0, 0, 18, 0, 0, 0, 0, 0, 6, 24
"c:\Programowanie\inzFrontend\english-teaching-app-frontend\src\app\auth\access\access.component.ts", "TypeScript", 0, 0, 0, 13, 0, 0, 0, 0, 0, 3, 16
"c:\Programowanie\inzFrontend\english-teaching-app-frontend\src\app\auth\auth.routes.ts", "TypeScript", 0, 0, 0, 16, 0, 0, 0, 0, 0, 2, 18
"c:\Programowanie\inzFrontend\english-teaching-app-frontend\src\app\auth\login\login.component.html", "HTML", 0, 0, 45, 0, 0, 0, 0, 0, 0, 4, 49
"c:\Programowanie\inzFrontend\english-teaching-app-frontend\src\app\auth\login\login.component.scss", "SCSS", 0, 0, 0, 0, 0, 0, 0, 0, 0, 1, 1
"c:\Programowanie\inzFrontend\english-teaching-app-frontend\src\app\auth\login\login.component.spec.ts", "TypeScript", 0, 0, 0, 18, 0, 0, 0, 0, 0, 6, 24
"c:\Programowanie\inzFrontend\english-teaching-app-frontend\src\app\auth\login\login.component.ts", "TypeScript", 0, 0, 0, 50, 0, 0, 0, 0, 1, 4, 55
"c:\Programowanie\inzFrontend\english-teaching-app-frontend\src\app\auth\register\register.component.html", "HTML", 0, 0, 31, 0, 0, 0, 0, 0, 0, 1, 32
"c:\Programowanie\inzFrontend\english-teaching-app-frontend\src\app\auth\register\register.component.scss", "SCSS", 0, 0, 0, 0, 0, 0, 0, 0, 0, 1, 1
"c:\Programowanie\inzFrontend\english-teaching-app-frontend\src\app\auth\register\register.component.spec.ts", "TypeScript", 0, 0, 0, 18, 0, 0, 0, 0, 0, 6, 24
"c:\Programowanie\inzFrontend\english-teaching-app-frontend\src\app\auth\register\register.component.ts", "TypeScript", 0, 0, 0, 48, 0, 0, 0, 0, 0, 4, 52
"c:\Programowanie\inzFrontend\english-teaching-app-frontend\src\app\auth\reset-password\reset-password.component.html", "HTML", 0, 0, 15, 0, 0, 0, 0, 0, 0, 1, 16
"c:\Programowanie\inzFrontend\english-teaching-app-frontend\src\app\auth\reset-password\reset-password.component.scss", "SCSS", 0, 0, 0, 0, 0, 0, 0, 0, 0, 1, 1
"c:\Programowanie\inzFrontend\english-teaching-app-frontend\src\app\auth\reset-password\reset-password.component.spec.ts", "TypeScript", 0, 0, 0, 18, 0, 0, 0, 0, 0, 6, 24
"c:\Programowanie\inzFrontend\english-teaching-app-frontend\src\app\auth\reset-password\reset-password.component.ts", "TypeScript", 0, 0, 0, 49, 0, 0, 0, 0, 0, 5, 54
"c:\Programowanie\inzFrontend\english-teaching-app-frontend\src\app\auth\verify-email\verify-email.component.html", "HTML", 0, 0, 6, 0, 0, 0, 0, 0, 0, 1, 7
"c:\Programowanie\inzFrontend\english-teaching-app-frontend\src\app\auth\verify-email\verify-email.component.scss", "SCSS", 0, 0, 0, 0, 0, 0, 0, 0, 0, 1, 1
"c:\Programowanie\inzFrontend\english-teaching-app-frontend\src\app\auth\verify-email\verify-email.component.spec.ts", "TypeScript", 0, 0, 0, 18, 0, 0, 0, 0, 0, 6, 24
"c:\Programowanie\inzFrontend\english-teaching-app-frontend\src\app\auth\verify-email\verify-email.component.ts", "TypeScript", 0, 0, 0, 37, 0, 0, 0, 0, 0, 3, 40
"c:\Programowanie\inzFrontend\english-teaching-app-frontend\src\app\content\active-students-reports\active-students-reports.component.html", "HTML", 0, 0, 79, 0, 0, 0, 0, 0, 0, 10, 89
"c:\Programowanie\inzFrontend\english-teaching-app-frontend\src\app\content\active-students-reports\active-students-reports.component.scss", "SCSS", 0, 0, 0, 0, 0, 0, 0, 0, 0, 1, 1
"c:\Programowanie\inzFrontend\english-teaching-app-frontend\src\app\content\active-students-reports\active-students-reports.component.spec.ts", "TypeScript", 0, 0, 0, 18, 0, 0, 0, 0, 0, 6, 24
"c:\Programowanie\inzFrontend\english-teaching-app-frontend\src\app\content\active-students-reports\active-students-reports.component.ts", "TypeScript", 0, 0, 0, 74, 0, 0, 0, 0, 0, 12, 86
"c:\Programowanie\inzFrontend\english-teaching-app-frontend\src\app\content\catalogues\catalogues.component.html", "HTML", 0, 0, 196, 0, 0, 0, 0, 0, 2, 15, 213
"c:\Programowanie\inzFrontend\english-teaching-app-frontend\src\app\content\catalogues\catalogues.component.scss", "SCSS", 0, 0, 0, 0, 0, 0, 0, 0, 0, 1, 1
"c:\Programowanie\inzFrontend\english-teaching-app-frontend\src\app\content\catalogues\catalogues.component.spec.ts", "TypeScript", 0, 0, 0, 18, 0, 0, 0, 0, 0, 6, 24
"c:\Programowanie\inzFrontend\english-teaching-app-frontend\src\app\content\catalogues\catalogues.component.ts", "TypeScript", 0, 0, 0, 178, 0, 0, 0, 0, 0, 24, 202
"c:\Programowanie\inzFrontend\english-teaching-app-frontend\src\app\content\check-essays\check-essays.component.html", "HTML", 0, 0, 135, 0, 0, 0, 0, 0, 12, 19, 166
"c:\Programowanie\inzFrontend\english-teaching-app-frontend\src\app\content\check-essays\check-essays.component.scss", "SCSS", 0, 0, 0, 0, 0, 0, 0, 0, 0, 1, 1
"c:\Programowanie\inzFrontend\english-teaching-app-frontend\src\app\content\check-essays\check-essays.component.spec.ts", "TypeScript", 0, 0, 0, 18, 0, 0, 0, 0, 0, 6, 24
"c:\Programowanie\inzFrontend\english-teaching-app-frontend\src\app\content\check-essays\check-essays.component.ts", "TypeScript", 0, 0, 0, 119, 0, 0, 0, 0, 0, 13, 132
"c:\Programowanie\inzFrontend\english-teaching-app-frontend\src\app\curriculum\course-files\course-adding\course-adding.component.html", "HTML", 0, 0, 28, 0, 0, 0, 0, 0, 0, 5, 33
"c:\Programowanie\inzFrontend\english-teaching-app-frontend\src\app\curriculum\course-files\course-adding\course-adding.component.scss", "SCSS", 0, 0, 0, 0, 0, 0, 0, 0, 0, 1, 1
"c:\Programowanie\inzFrontend\english-teaching-app-frontend\src\app\curriculum\course-files\course-adding\course-adding.component.spec.ts", "TypeScript", 0, 0, 0, 18, 0, 0, 0, 0, 0, 6, 24
"c:\Programowanie\inzFrontend\english-teaching-app-frontend\src\app\curriculum\course-files\course-adding\course-adding.component.ts", "TypeScript", 0, 0, 0, 46, 0, 0, 0, 0, 0, 6, 52
"c:\Programowanie\inzFrontend\english-teaching-app-frontend\src\app\curriculum\course-files\course-edit\course-edit.component.html", "HTML", 0, 0, 44, 0, 0, 0, 0, 0, 0, 8, 52
"c:\Programowanie\inzFrontend\english-teaching-app-frontend\src\app\curriculum\course-files\course-edit\course-edit.component.scss", "SCSS", 0, 0, 0, 0, 0, 0, 0, 0, 0, 1, 1
"c:\Programowanie\inzFrontend\english-teaching-app-frontend\src\app\curriculum\course-files\course-edit\course-edit.component.spec.ts", "TypeScript", 0, 0, 0, 18, 0, 0, 0, 0, 0, 6, 24
"c:\Programowanie\inzFrontend\english-teaching-app-frontend\src\app\curriculum\course-files\course-edit\course-edit.component.ts", "TypeScript", 0, 0, 0, 103, 0, 0, 0, 0, 0, 13, 116
"c:\Programowanie\inzFrontend\english-teaching-app-frontend\src\app\curriculum\course-files\course\course.component.html", "HTML", 0, 0, 161, 0, 0, 0, 0, 0, 2, 6, 169
"c:\Programowanie\inzFrontend\english-teaching-app-frontend\src\app\curriculum\course-files\course\course.component.scss", "SCSS", 0, 0, 0, 0, 0, 0, 0, 0, 0, 1, 1
"c:\Programowanie\inzFrontend\english-teaching-app-frontend\src\app\curriculum\course-files\course\course.component.spec.ts", "TypeScript", 0, 0, 0, 18, 0, 0, 0, 0, 0, 6, 24
"c:\Programowanie\inzFrontend\english-teaching-app-frontend\src\app\curriculum\course-files\course\course.component.ts", "TypeScript", 0, 0, 0, 92, 0, 0, 0, 0, 0, 8, 100
"c:\Programowanie\inzFrontend\english-teaching-app-frontend\src\app\curriculum\matrix-files\matrix-adding\matrix-adding.component.html", "HTML", 0, 0, 44, 0, 0, 0, 0, 0, 0, 8, 52
"c:\Programowanie\inzFrontend\english-teaching-app-frontend\src\app\curriculum\matrix-files\matrix-adding\matrix-adding.component.scss", "SCSS", 0, 0, 0, 0, 0, 0, 0, 0, 0, 1, 1
"c:\Programowanie\inzFrontend\english-teaching-app-frontend\src\app\curriculum\matrix-files\matrix-adding\matrix-adding.component.spec.ts", "TypeScript", 0, 0, 0, 18, 0, 0, 0, 0, 0, 6, 24
"c:\Programowanie\inzFrontend\english-teaching-app-frontend\src\app\curriculum\matrix-files\matrix-adding\matrix-adding.component.ts", "TypeScript", 0, 0, 0, 80, 0, 0, 0, 0, 0, 8, 88
"c:\Programowanie\inzFrontend\english-teaching-app-frontend\src\app\curriculum\matrix-files\matrix-edit\matrix-edit.component.html", "HTML", 0, 0, 69, 0, 0, 0, 0, 0, 2, 15, 86
"c:\Programowanie\inzFrontend\english-teaching-app-frontend\src\app\curriculum\matrix-files\matrix-edit\matrix-edit.component.scss", "SCSS", 0, 0, 0, 0, 0, 0, 0, 0, 0, 1, 1
"c:\Programowanie\inzFrontend\english-teaching-app-frontend\src\app\curriculum\matrix-files\matrix-edit\matrix-edit.component.spec.ts", "TypeScript", 0, 0, 0, 18, 0, 0, 0, 0, 0, 6, 24
"c:\Programowanie\inzFrontend\english-teaching-app-frontend\src\app\curriculum\matrix-files\matrix-edit\matrix-edit.component.ts", "TypeScript", 0, 0, 0, 127, 0, 0, 0, 0, 0, 14, 141
"c:\Programowanie\inzFrontend\english-teaching-app-frontend\src\app\curriculum\matrix-files\matrix\matrix.component.html", "HTML", 0, 0, 176, 0, 0, 0, 0, 0, 5, 17, 198
"c:\Programowanie\inzFrontend\english-teaching-app-frontend\src\app\curriculum\matrix-files\matrix\matrix.component.scss", "SCSS", 0, 0, 0, 0, 0, 0, 0, 0, 0, 1, 1
"c:\Programowanie\inzFrontend\english-teaching-app-frontend\src\app\curriculum\matrix-files\matrix\matrix.component.spec.ts", "TypeScript", 0, 0, 0, 18, 0, 0, 0, 0, 0, 6, 24
"c:\Programowanie\inzFrontend\english-teaching-app-frontend\src\app\curriculum\matrix-files\matrix\matrix.component.ts", "TypeScript", 0, 0, 0, 87, 0, 0, 0, 0, 0, 9, 96
"c:\Programowanie\inzFrontend\english-teaching-app-frontend\src\app\curriculum\matrix-files\plan-matrix\plan-matrix.component.html", "HTML", 0, 0, 178, 0, 0, 0, 0, 0, 4, 17, 199
"c:\Programowanie\inzFrontend\english-teaching-app-frontend\src\app\curriculum\matrix-files\plan-matrix\plan-matrix.component.scss", "SCSS", 0, 0, 0, 0, 0, 0, 0, 0, 0, 1, 1
"c:\Programowanie\inzFrontend\english-teaching-app-frontend\src\app\curriculum\matrix-files\plan-matrix\plan-matrix.component.spec.ts", "TypeScript", 0, 0, 0, 18, 0, 0, 0, 0, 0, 6, 24
"c:\Programowanie\inzFrontend\english-teaching-app-frontend\src\app\curriculum\matrix-files\plan-matrix\plan-matrix.component.ts", "TypeScript", 0, 0, 0, 161, 0, 0, 0, 0, 0, 22, 183
"c:\Programowanie\inzFrontend\english-teaching-app-frontend\src\app\curriculum\module-files\module-adding\module-adding.component.html", "HTML", 0, 0, 84, 0, 0, 0, 0, 0, 8, 12, 104
"c:\Programowanie\inzFrontend\english-teaching-app-frontend\src\app\curriculum\module-files\module-adding\module-adding.component.scss", "SCSS", 0, 0, 0, 0, 0, 0, 0, 0, 0, 1, 1
"c:\Programowanie\inzFrontend\english-teaching-app-frontend\src\app\curriculum\module-files\module-adding\module-adding.component.spec.ts", "TypeScript", 0, 0, 0, 18, 0, 0, 0, 0, 0, 6, 24
"c:\Programowanie\inzFrontend\english-teaching-app-frontend\src\app\curriculum\module-files\module-adding\module-adding.component.ts", "TypeScript", 0, 0, 0, 124, 0, 0, 0, 0, 1, 16, 141
"c:\Programowanie\inzFrontend\english-teaching-app-frontend\src\app\curriculum\module-files\module-edit\module-edit.component.html", "HTML", 0, 0, 142, 0, 0, 0, 0, 0, 3, 23, 168
"c:\Programowanie\inzFrontend\english-teaching-app-frontend\src\app\curriculum\module-files\module-edit\module-edit.component.scss", "SCSS", 0, 0, 0, 0, 0, 0, 0, 0, 0, 1, 1
"c:\Programowanie\inzFrontend\english-teaching-app-frontend\src\app\curriculum\module-files\module-edit\module-edit.component.spec.ts", "TypeScript", 0, 0, 0, 18, 0, 0, 0, 0, 0, 6, 24
"c:\Programowanie\inzFrontend\english-teaching-app-frontend\src\app\curriculum\module-files\module-edit\module-edit.component.ts", "TypeScript", 0, 0, 0, 184, 0, 0, 0, 0, 0, 20, 204
"c:\Programowanie\inzFrontend\english-teaching-app-frontend\src\app\curriculum\module-files\module\module.component.html", "HTML", 0, 0, 140, 0, 0, 0, 0, 0, 0, 11, 151
"c:\Programowanie\inzFrontend\english-teaching-app-frontend\src\app\curriculum\module-files\module\module.component.scss", "SCSS", 0, 0, 0, 0, 0, 0, 0, 0, 0, 1, 1
"c:\Programowanie\inzFrontend\english-teaching-app-frontend\src\app\curriculum\module-files\module\module.component.spec.ts", "TypeScript", 0, 0, 0, 18, 0, 0, 0, 0, 0, 6, 24
"c:\Programowanie\inzFrontend\english-teaching-app-frontend\src\app\curriculum\module-files\module\module.component.ts", "TypeScript", 0, 0, 0, 77, 0, 0, 0, 0, 0, 8, 85
"c:\Programowanie\inzFrontend\english-teaching-app-frontend\src\app\curriculum\module-files\plan-module\plan-module.component.html", "HTML", 0, 0, 160, 0, 0, 0, 0, 0, 0, 21, 181
"c:\Programowanie\inzFrontend\english-teaching-app-frontend\src\app\curriculum\module-files\plan-module\plan-module.component.scss", "SCSS", 0, 0, 0, 0, 0, 0, 0, 0, 0, 1, 1
"c:\Programowanie\inzFrontend\english-teaching-app-frontend\src\app\curriculum\module-files\plan-module\plan-module.component.spec.ts", "TypeScript", 0, 0, 0, 18, 0, 0, 0, 0, 0, 6, 24
"c:\Programowanie\inzFrontend\english-teaching-app-frontend\src\app\curriculum\module-files\plan-module\plan-module.component.ts", "TypeScript", 0, 0, 0, 173, 0, 0, 0, 0, 0, 25, 198
"c:\Programowanie\inzFrontend\english-teaching-app-frontend\src\app\curriculum\program-files\program-adding\program-adding.component.html", "HTML", 0, 0, 68, 0, 0, 0, 0, 0, 0, 5, 73
"c:\Programowanie\inzFrontend\english-teaching-app-frontend\src\app\curriculum\program-files\program-adding\program-adding.component.scss", "SCSS", 0, 0, 0, 0, 0, 0, 0, 0, 0, 1, 1
"c:\Programowanie\inzFrontend\english-teaching-app-frontend\src\app\curriculum\program-files\program-adding\program-adding.component.spec.ts", "TypeScript", 0, 0, 0, 18, 0, 0, 0, 0, 0, 6, 24
"c:\Programowanie\inzFrontend\english-teaching-app-frontend\src\app\curriculum\program-files\program-adding\program-adding.component.ts", "TypeScript", 0, 0, 0, 77, 0, 0, 0, 0, 0, 9, 86
"c:\Programowanie\inzFrontend\english-teaching-app-frontend\src\app\curriculum\program-files\program\program.component.html", "HTML", 0, 0, 250, 0, 0, 0, 0, 0, 0, 15, 265
"c:\Programowanie\inzFrontend\english-teaching-app-frontend\src\app\curriculum\program-files\program\program.component.scss", "SCSS", 0, 0, 0, 0, 0, 0, 0, 0, 0, 1, 1
"c:\Programowanie\inzFrontend\english-teaching-app-frontend\src\app\curriculum\program-files\program\program.component.spec.ts", "TypeScript", 0, 0, 0, 18, 0, 0, 0, 0, 0, 6, 24
"c:\Programowanie\inzFrontend\english-teaching-app-frontend\src\app\curriculum\program-files\program\program.component.ts", "TypeScript", 0, 0, 0, 139, 0, 0, 0, 0, 0, 16, 155
"c:\Programowanie\inzFrontend\english-teaching-app-frontend\src\app\layout\component\app.configurator.ts", "TypeScript", 0, 0, 0, 414, 0, 0, 0, 0, 0, 28, 442
"c:\Programowanie\inzFrontend\english-teaching-app-frontend\src\app\layout\component\app.floatingconfigurator.ts", "TypeScript", 0, 0, 0, 25, 0, 0, 0, 0, 0, 4, 29
"c:\Programowanie\inzFrontend\english-teaching-app-frontend\src\app\layout\component\app.footer.ts", "TypeScript", 0, 0, 0, 9, 0, 0, 0, 0, 0, 2, 11
"c:\Programowanie\inzFrontend\english-teaching-app-frontend\src\app\layout\component\app.layout.ts", "TypeScript", 0, 0, 0, 100, 0, 0, 0, 0, 0, 16, 116
"c:\Programowanie\inzFrontend\english-teaching-app-frontend\src\app\layout\component\app.menu.ts", "TypeScript", 0, 0, 0, 197, 0, 0, 0, 0, 15, 11, 223
"c:\Programowanie\inzFrontend\english-teaching-app-frontend\src\app\layout\component\app.menuitem.ts", "TypeScript", 0, 0, 0, 143, 0, 0, 0, 0, 4, 24, 171
"c:\Programowanie\inzFrontend\english-teaching-app-frontend\src\app\layout\component\app.sidebar.ts", "TypeScript", 0, 0, 0, 13, 0, 0, 0, 0, 0, 2, 15
"c:\Programowanie\inzFrontend\english-teaching-app-frontend\src\app\layout\component\app.topbar.ts", "TypeScript", 0, 0, 0, 196, 0, 0, 0, 0, 0, 12, 208
"c:\Programowanie\inzFrontend\english-teaching-app-frontend\src\app\layout\service\layout.service.ts", "TypeScript", 0, 0, 0, 137, 0, 0, 0, 0, 0, 42, 179
"c:\Programowanie\inzFrontend\english-teaching-app-frontend\src\app\lesson\attendance\attendance.component.html", "HTML", 0, 0, 111, 0, 0, 0, 0, 0, 0, 9, 120
"c:\Programowanie\inzFrontend\english-teaching-app-frontend\src\app\lesson\attendance\attendance.component.scss", "SCSS", 0, 0, 0, 0, 0, 0, 0, 0, 0, 1, 1
"c:\Programowanie\inzFrontend\english-teaching-app-frontend\src\app\lesson\attendance\attendance.component.spec.ts", "TypeScript", 0, 0, 0, 18, 0, 0, 0, 0, 0, 6, 24
"c:\Programowanie\inzFrontend\english-teaching-app-frontend\src\app\lesson\attendance\attendance.component.ts", "TypeScript", 0, 0, 0, 114, 0, 0, 0, 0, 0, 18, 132
"c:\Programowanie\inzFrontend\english-teaching-app-frontend\src\app\lesson\examination-mode\examination-mode.component.html", "HTML", 0, 0, 186, 0, 0, 0, 0, 0, 0, 36, 222
"c:\Programowanie\inzFrontend\english-teaching-app-frontend\src\app\lesson\examination-mode\examination-mode.component.scss", "SCSS", 0, 0, 0, 0, 0, 0, 0, 0, 0, 1, 1
"c:\Programowanie\inzFrontend\english-teaching-app-frontend\src\app\lesson\examination-mode\examination-mode.component.spec.ts", "TypeScript", 0, 0, 0, 18, 0, 0, 0, 0, 0, 6, 24
"c:\Programowanie\inzFrontend\english-teaching-app-frontend\src\app\lesson\examination-mode\examination-mode.component.ts", "TypeScript", 0, 0, 0, 76, 0, 0, 0, 0, 0, 13, 89
"c:\Programowanie\inzFrontend\english-teaching-app-frontend\src\app\lesson\grade-student\grade-student.component.html", "HTML", 0, 0, 82, 0, 0, 0, 0, 0, 0, 15, 97
"c:\Programowanie\inzFrontend\english-teaching-app-frontend\src\app\lesson\grade-student\grade-student.component.scss", "SCSS", 0, 0, 0, 0, 0, 0, 0, 0, 0, 1, 1
"c:\Programowanie\inzFrontend\english-teaching-app-frontend\src\app\lesson\grade-student\grade-student.component.spec.ts", "TypeScript", 0, 0, 0, 18, 0, 0, 0, 0, 0, 6, 24
"c:\Programowanie\inzFrontend\english-teaching-app-frontend\src\app\lesson\grade-student\grade-student.component.ts", "TypeScript", 0, 0, 0, 105, 0, 0, 0, 0, 0, 12, 117
"c:\Programowanie\inzFrontend\english-teaching-app-frontend\src\app\lesson\homework-check\homework-check.component.html", "HTML", 0, 0, 92, 0, 0, 0, 0, 0, 0, 10, 102
"c:\Programowanie\inzFrontend\english-teaching-app-frontend\src\app\lesson\homework-check\homework-check.component.scss", "SCSS", 0, 0, 0, 0, 0, 0, 0, 0, 0, 1, 1
"c:\Programowanie\inzFrontend\english-teaching-app-frontend\src\app\lesson\homework-check\homework-check.component.spec.ts", "TypeScript", 0, 0, 0, 18, 0, 0, 0, 0, 0, 6, 24
"c:\Programowanie\inzFrontend\english-teaching-app-frontend\src\app\lesson\homework-check\homework-check.component.ts", "TypeScript", 0, 0, 0, 70, 0, 0, 0, 0, 0, 11, 81
"c:\Programowanie\inzFrontend\english-teaching-app-frontend\src\app\lesson\lesson-activity-points\lesson-activity-points.component.html", "HTML", 0, 0, 75, 0, 0, 0, 0, 0, 0, 8, 83
"c:\Programowanie\inzFrontend\english-teaching-app-frontend\src\app\lesson\lesson-activity-points\lesson-activity-points.component.scss", "SCSS", 0, 0, 0, 0, 0, 0, 0, 0, 0, 1, 1
"c:\Programowanie\inzFrontend\english-teaching-app-frontend\src\app\lesson\lesson-activity-points\lesson-activity-points.component.spec.ts", "TypeScript", 0, 0, 0, 18, 0, 0, 0, 0, 0, 6, 24
"c:\Programowanie\inzFrontend\english-teaching-app-frontend\src\app\lesson\lesson-activity-points\lesson-activity-points.component.ts", "TypeScript", 0, 0, 0, 113, 0, 0, 0, 0, 0, 27, 140
"c:\Programowanie\inzFrontend\english-teaching-app-frontend\src\app\lesson\lesson-agenda\lesson-agenda.component.html", "HTML", 0, 0, 48, 0, 0, 0, 0, 0, 0, 8, 56
"c:\Programowanie\inzFrontend\english-teaching-app-frontend\src\app\lesson\lesson-agenda\lesson-agenda.component.scss", "SCSS", 0, 0, 0, 0, 0, 0, 0, 0, 0, 1, 1
"c:\Programowanie\inzFrontend\english-teaching-app-frontend\src\app\lesson\lesson-agenda\lesson-agenda.component.spec.ts", "TypeScript", 0, 0, 0, 18, 0, 0, 0, 0, 0, 6, 24
"c:\Programowanie\inzFrontend\english-teaching-app-frontend\src\app\lesson\lesson-agenda\lesson-agenda.component.ts", "TypeScript", 0, 0, 0, 58, 0, 0, 0, 0, 0, 5, 63
"c:\Programowanie\inzFrontend\english-teaching-app-frontend\src\app\lesson\lesson-flashcards\lesson-flashcards.component.html", "HTML", 0, 0, 160, 0, 0, 0, 0, 0, 0, 15, 175
"c:\Programowanie\inzFrontend\english-teaching-app-frontend\src\app\lesson\lesson-flashcards\lesson-flashcards.component.scss", "SCSS", 0, 0, 0, 0, 0, 0, 0, 0, 0, 1, 1
"c:\Programowanie\inzFrontend\english-teaching-app-frontend\src\app\lesson\lesson-flashcards\lesson-flashcards.component.spec.ts", "TypeScript", 0, 0, 0, 18, 0, 0, 0, 0, 0, 6, 24
"c:\Programowanie\inzFrontend\english-teaching-app-frontend\src\app\lesson\lesson-flashcards\lesson-flashcards.component.ts", "TypeScript", 0, 0, 0, 90, 0, 0, 0, 0, 0, 15, 105
"c:\Programowanie\inzFrontend\english-teaching-app-frontend\src\app\lesson\lesson-grades\lesson-grades.component.html", "HTML", 0, 0, 49, 0, 0, 0, 0, 0, 0, 4, 53
"c:\Programowanie\inzFrontend\english-teaching-app-frontend\src\app\lesson\lesson-grades\lesson-grades.component.scss", "SCSS", 0, 0, 0, 0, 0, 0, 0, 0, 0, 1, 1
"c:\Programowanie\inzFrontend\english-teaching-app-frontend\src\app\lesson\lesson-grades\lesson-grades.component.spec.ts", "TypeScript", 0, 0, 0, 18, 0, 0, 0, 0, 0, 6, 24
"c:\Programowanie\inzFrontend\english-teaching-app-frontend\src\app\lesson\lesson-grades\lesson-grades.component.ts", "TypeScript", 0, 0, 0, 41, 0, 0, 0, 0, 0, 6, 47
"c:\Programowanie\inzFrontend\english-teaching-app-frontend\src\app\lesson\lesson-last-week\lesson-last-week.component.html", "HTML", 0, 0, 103, 0, 0, 0, 0, 0, 0, 12, 115
"c:\Programowanie\inzFrontend\english-teaching-app-frontend\src\app\lesson\lesson-last-week\lesson-last-week.component.scss", "SCSS", 0, 0, 0, 0, 0, 0, 0, 0, 0, 1, 1
"c:\Programowanie\inzFrontend\english-teaching-app-frontend\src\app\lesson\lesson-last-week\lesson-last-week.component.spec.ts", "TypeScript", 0, 0, 0, 18, 0, 0, 0, 0, 0, 6, 24
"c:\Programowanie\inzFrontend\english-teaching-app-frontend\src\app\lesson\lesson-last-week\lesson-last-week.component.ts", "TypeScript", 0, 0, 0, 47, 0, 0, 0, 0, 0, 7, 54
"c:\Programowanie\inzFrontend\english-teaching-app-frontend\src\app\lesson\lesson-mode\lesson-mode.component.html", "HTML", 0, 0, 457, 0, 0, 0, 0, 0, 3, 50, 510
"c:\Programowanie\inzFrontend\english-teaching-app-frontend\src\app\lesson\lesson-mode\lesson-mode.component.scss", "SCSS", 0, 0, 0, 0, 0, 0, 0, 0, 0, 1, 1
"c:\Programowanie\inzFrontend\english-teaching-app-frontend\src\app\lesson\lesson-mode\lesson-mode.component.spec.ts", "TypeScript", 0, 0, 0, 18, 0, 0, 0, 0, 0, 6, 24
"c:\Programowanie\inzFrontend\english-teaching-app-frontend\src\app\lesson\lesson-mode\lesson-mode.component.ts", "TypeScript", 0, 0, 0, 505, 0, 0, 0, 0, 0, 54, 559
"c:\Programowanie\inzFrontend\english-teaching-app-frontend\src\app\lesson\lesson-notes\lesson-notes.component.html", "HTML", 0, 0, 57, 0, 0, 0, 0, 0, 0, 8, 65
"c:\Programowanie\inzFrontend\english-teaching-app-frontend\src\app\lesson\lesson-notes\lesson-notes.component.scss", "SCSS", 0, 0, 0, 0, 0, 0, 0, 0, 0, 1, 1
"c:\Programowanie\inzFrontend\english-teaching-app-frontend\src\app\lesson\lesson-notes\lesson-notes.component.spec.ts", "TypeScript", 0, 0, 0, 18, 0, 0, 0, 0, 0, 6, 24
"c:\Programowanie\inzFrontend\english-teaching-app-frontend\src\app\lesson\lesson-notes\lesson-notes.component.ts", "TypeScript", 0, 0, 0, 79, 0, 0, 0, 0, 0, 8, 87
"c:\Programowanie\inzFrontend\english-teaching-app-frontend\src\app\lesson\lesson-sentence-answers\lesson-sentence-answers.component.html", "HTML", 0, 0, 230, 0, 0, 0, 0, 0, 8, 29, 267
"c:\Programowanie\inzFrontend\english-teaching-app-frontend\src\app\lesson\lesson-sentence-answers\lesson-sentence-answers.component.scss", "SCSS", 0, 0, 0, 0, 0, 0, 0, 0, 0, 1, 1
"c:\Programowanie\inzFrontend\english-teaching-app-frontend\src\app\lesson\lesson-sentence-answers\lesson-sentence-answers.component.spec.ts", "TypeScript", 0, 0, 0, 18, 0, 0, 0, 0, 0, 6, 24
"c:\Programowanie\inzFrontend\english-teaching-app-frontend\src\app\lesson\lesson-sentence-answers\lesson-sentence-answers.component.ts", "TypeScript", 0, 0, 0, 167, 0, 0, 0, 0, 0, 27, 194
"c:\Programowanie\inzFrontend\english-teaching-app-frontend\src\app\lesson\lesson-stats\lesson-stats.component.html", "HTML", 0, 0, 94, 0, 0, 0, 0, 0, 0, 12, 106
"c:\Programowanie\inzFrontend\english-teaching-app-frontend\src\app\lesson\lesson-stats\lesson-stats.component.scss", "SCSS", 0, 0, 0, 0, 0, 0, 0, 0, 0, 1, 1
"c:\Programowanie\inzFrontend\english-teaching-app-frontend\src\app\lesson\lesson-stats\lesson-stats.component.spec.ts", "TypeScript", 0, 0, 0, 18, 0, 0, 0, 0, 0, 6, 24
"c:\Programowanie\inzFrontend\english-teaching-app-frontend\src\app\lesson\lesson-stats\lesson-stats.component.ts", "TypeScript", 0, 0, 0, 101, 0, 0, 0, 0, 0, 11, 112
"c:\Programowanie\inzFrontend\english-teaching-app-frontend\src\app\lesson\lesson-study-time\lesson-study-time.component.html", "HTML", 0, 0, 79, 0, 0, 0, 0, 0, 0, 8, 87
"c:\Programowanie\inzFrontend\english-teaching-app-frontend\src\app\lesson\lesson-study-time\lesson-study-time.component.scss", "SCSS", 0, 0, 0, 0, 0, 0, 0, 0, 0, 1, 1
"c:\Programowanie\inzFrontend\english-teaching-app-frontend\src\app\lesson\lesson-study-time\lesson-study-time.component.spec.ts", "TypeScript", 0, 0, 0, 18, 0, 0, 0, 0, 0, 6, 24
"c:\Programowanie\inzFrontend\english-teaching-app-frontend\src\app\lesson\lesson-study-time\lesson-study-time.component.ts", "TypeScript", 0, 0, 0, 65, 0, 0, 0, 0, 0, 7, 72
"c:\Programowanie\inzFrontend\english-teaching-app-frontend\src\app\lesson\onboard-client\onboard-client.component.html", "HTML", 0, 0, 280, 0, 0, 0, 0, 0, 0, 37, 317
"c:\Programowanie\inzFrontend\english-teaching-app-frontend\src\app\lesson\onboard-client\onboard-client.component.scss", "SCSS", 0, 0, 0, 0, 0, 0, 0, 0, 0, 1, 1
"c:\Programowanie\inzFrontend\english-teaching-app-frontend\src\app\lesson\onboard-client\onboard-client.component.spec.ts", "TypeScript", 0, 0, 0, 18, 0, 0, 0, 0, 0, 6, 24
"c:\Programowanie\inzFrontend\english-teaching-app-frontend\src\app\lesson\onboard-client\onboard-client.component.ts", "TypeScript", 0, 0, 0, 280, 0, 0, 0, 0, 0, 52, 332
"c:\Programowanie\inzFrontend\english-teaching-app-frontend\src\app\lesson\pronunciation-test\pronunciation-test.component.html", "HTML", 0, 0, 74, 0, 0, 0, 0, 0, 0, 14, 88
"c:\Programowanie\inzFrontend\english-teaching-app-frontend\src\app\lesson\pronunciation-test\pronunciation-test.component.scss", "SCSS", 0, 0, 0, 0, 0, 0, 0, 0, 0, 1, 1
"c:\Programowanie\inzFrontend\english-teaching-app-frontend\src\app\lesson\pronunciation-test\pronunciation-test.component.spec.ts", "TypeScript", 0, 0, 0, 18, 0, 0, 0, 0, 0, 6, 24
"c:\Programowanie\inzFrontend\english-teaching-app-frontend\src\app\lesson\pronunciation-test\pronunciation-test.component.ts", "TypeScript", 0, 0, 0, 63, 0, 0, 0, 0, 0, 9, 72
"c:\Programowanie\inzFrontend\english-teaching-app-frontend\src\app\lesson\report-listening\report-listening.component.html", "HTML", 0, 0, 84, 0, 0, 0, 0, 0, 0, 16, 100
"c:\Programowanie\inzFrontend\english-teaching-app-frontend\src\app\lesson\report-listening\report-listening.component.scss", "SCSS", 0, 0, 0, 0, 0, 0, 0, 0, 0, 1, 1
"c:\Programowanie\inzFrontend\english-teaching-app-frontend\src\app\lesson\report-listening\report-listening.component.spec.ts", "TypeScript", 0, 0, 0, 18, 0, 0, 0, 0, 0, 6, 24
"c:\Programowanie\inzFrontend\english-teaching-app-frontend\src\app\lesson\report-listening\report-listening.component.ts", "TypeScript", 0, 0, 0, 104, 0, 0, 0, 0, 0, 14, 118
"c:\Programowanie\inzFrontend\english-teaching-app-frontend\src\app\lesson\switch-client\switch-client.component.html", "HTML", 0, 0, 67, 0, 0, 0, 0, 0, 0, 6, 73
"c:\Programowanie\inzFrontend\english-teaching-app-frontend\src\app\lesson\switch-client\switch-client.component.scss", "SCSS", 0, 0, 0, 0, 0, 0, 0, 0, 0, 1, 1
"c:\Programowanie\inzFrontend\english-teaching-app-frontend\src\app\lesson\switch-client\switch-client.component.spec.ts", "TypeScript", 0, 0, 0, 18, 0, 0, 0, 0, 0, 6, 24
"c:\Programowanie\inzFrontend\english-teaching-app-frontend\src\app\lesson\switch-client\switch-client.component.ts", "TypeScript", 0, 0, 0, 49, 0, 0, 0, 0, 0, 4, 53
"c:\Programowanie\inzFrontend\english-teaching-app-frontend\src\app\other\admin-credits\admin-credits.component.html", "HTML", 0, 0, 144, 0, 0, 0, 0, 0, 4, 13, 161
"c:\Programowanie\inzFrontend\english-teaching-app-frontend\src\app\other\admin-credits\admin-credits.component.scss", "SCSS", 0, 0, 0, 0, 0, 0, 0, 0, 0, 1, 1
"c:\Programowanie\inzFrontend\english-teaching-app-frontend\src\app\other\admin-credits\admin-credits.component.spec.ts", "TypeScript", 0, 0, 0, 18, 0, 0, 0, 0, 0, 6, 24
"c:\Programowanie\inzFrontend\english-teaching-app-frontend\src\app\other\admin-credits\admin-credits.component.ts", "TypeScript", 0, 0, 0, 80, 0, 0, 0, 0, 0, 9, 89
"c:\Programowanie\inzFrontend\english-teaching-app-frontend\src\app\other\avatar\avatar.component.html", "HTML", 0, 0, 1, 0, 0, 0, 0, 0, 0, 1, 2
"c:\Programowanie\inzFrontend\english-teaching-app-frontend\src\app\other\avatar\avatar.component.scss", "SCSS", 0, 0, 0, 0, 0, 0, 0, 0, 0, 1, 1
"c:\Programowanie\inzFrontend\english-teaching-app-frontend\src\app\other\avatar\avatar.component.spec.ts", "TypeScript", 0, 0, 0, 18, 0, 0, 0, 0, 0, 6, 24
"c:\Programowanie\inzFrontend\english-teaching-app-frontend\src\app\other\avatar\avatar.component.ts", "TypeScript", 0, 0, 0, 40, 0, 0, 0, 0, 0, 5, 45
"c:\Programowanie\inzFrontend\english-teaching-app-frontend\src\app\other\credits\credits.component.html", "HTML", 0, 0, 157, 0, 0, 0, 0, 0, 0, 23, 180
"c:\Programowanie\inzFrontend\english-teaching-app-frontend\src\app\other\credits\credits.component.scss", "SCSS", 0, 0, 0, 0, 0, 0, 0, 0, 0, 1, 1
"c:\Programowanie\inzFrontend\english-teaching-app-frontend\src\app\other\credits\credits.component.spec.ts", "TypeScript", 0, 0, 0, 18, 0, 0, 0, 0, 0, 6, 24
"c:\Programowanie\inzFrontend\english-teaching-app-frontend\src\app\other\credits\credits.component.ts", "TypeScript", 0, 0, 0, 101, 0, 0, 0, 0, 0, 12, 113
"c:\Programowanie\inzFrontend\english-teaching-app-frontend\src\app\other\dashboard\dashboard.component.html", "HTML", 0, 0, 353, 0, 0, 0, 0, 0, 1, 20, 374
"c:\Programowanie\inzFrontend\english-teaching-app-frontend\src\app\other\dashboard\dashboard.component.scss", "SCSS", 0, 0, 0, 0, 0, 0, 0, 0, 0, 1, 1
"c:\Programowanie\inzFrontend\english-teaching-app-frontend\src\app\other\dashboard\dashboard.component.spec.ts", "TypeScript", 0, 0, 0, 18, 0, 0, 0, 0, 0, 6, 24
"c:\Programowanie\inzFrontend\english-teaching-app-frontend\src\app\other\dashboard\dashboard.component.ts", "TypeScript", 0, 0, 0, 104, 0, 0, 0, 0, 0, 20, 124
"c:\Programowanie\inzFrontend\english-teaching-app-frontend\src\app\other\ranking\ranking.component.html", "HTML", 0, 0, 277, 0, 0, 0, 0, 0, 0, 52, 329
"c:\Programowanie\inzFrontend\english-teaching-app-frontend\src\app\other\ranking\ranking.component.scss", "SCSS", 0, 0, 0, 0, 0, 529, 0, 0, 0, 104, 633
"c:\Programowanie\inzFrontend\english-teaching-app-frontend\src\app\other\ranking\ranking.component.spec.ts", "TypeScript", 0, 0, 0, 18, 0, 0, 0, 0, 0, 6, 24
"c:\Programowanie\inzFrontend\english-teaching-app-frontend\src\app\other\ranking\ranking.component.ts", "TypeScript", 0, 0, 0, 192, 0, 0, 0, 0, 0, 31, 223
"c:\Programowanie\inzFrontend\english-teaching-app-frontend\src\app\other\repertoire\repertoire.component.html", "HTML", 0, 0, 91, 0, 0, 0, 0, 0, 7, 17, 115
"c:\Programowanie\inzFrontend\english-teaching-app-frontend\src\app\other\repertoire\repertoire.component.scss", "SCSS", 0, 0, 0, 0, 0, 0, 0, 0, 0, 1, 1
"c:\Programowanie\inzFrontend\english-teaching-app-frontend\src\app\other\repertoire\repertoire.component.spec.ts", "TypeScript", 0, 0, 0, 18, 0, 0, 0, 0, 0, 6, 24
"c:\Programowanie\inzFrontend\english-teaching-app-frontend\src\app\other\repertoire\repertoire.component.ts", "TypeScript", 0, 0, 0, 79, 0, 0, 0, 0, 0, 10, 89
"c:\Programowanie\inzFrontend\english-teaching-app-frontend\src\app\other\theater\theater.component.html", "HTML", 0, 0, 141, 0, 0, 0, 0, 0, 1, 14, 156
"c:\Programowanie\inzFrontend\english-teaching-app-frontend\src\app\other\theater\theater.component.scss", "SCSS", 0, 0, 0, 0, 0, 0, 0, 0, 0, 1, 1
"c:\Programowanie\inzFrontend\english-teaching-app-frontend\src\app\other\theater\theater.component.spec.ts", "TypeScript", 0, 0, 0, 18, 0, 0, 0, 0, 0, 6, 24
"c:\Programowanie\inzFrontend\english-teaching-app-frontend\src\app\other\theater\theater.component.ts", "TypeScript", 0, 0, 0, 144, 0, 0, 0, 0, 0, 17, 161
"c:\Programowanie\inzFrontend\english-teaching-app-frontend\src\app\pages\auth\access.ts", "TypeScript", 0, 0, 0, 31, 0, 0, 0, 0, 0, 2, 33
"c:\Programowanie\inzFrontend\english-teaching-app-frontend\src\app\pages\auth\auth.routes.ts", "TypeScript", 0, 0, 0, 9, 0, 0, 0, 0, 0, 2, 11
"c:\Programowanie\inzFrontend\english-teaching-app-frontend\src\app\pages\auth\error.ts", "TypeScript", 0, 0, 0, 31, 0, 0, 0, 0, 0, 2, 33
"c:\Programowanie\inzFrontend\english-teaching-app-frontend\src\app\pages\auth\login.ts", "TypeScript", 0, 0, 0, 67, 0, 0, 0, 0, 0, 4, 71
"c:\Programowanie\inzFrontend\english-teaching-app-frontend\src\app\pages\crud\crud.ts", "TypeScript", 0, 0, 0, 356, 0, 0, 0, 0, 0, 31, 387
"c:\Programowanie\inzFrontend\english-teaching-app-frontend\src\app\pages\documentation\documentation.ts", "TypeScript", 0, 0, 0, 72, 0, 0, 0, 0, 0, 2, 74
"c:\Programowanie\inzFrontend\english-teaching-app-frontend\src\app\pages\empty\empty.ts", "TypeScript", 0, 0, 0, 10, 0, 0, 0, 0, 0, 2, 12
"c:\Programowanie\inzFrontend\english-teaching-app-frontend\src\app\pages\landing\components\featureswidget.ts", "TypeScript", 0, 0, 0, 138, 0, 0, 0, 0, 0, 2, 140
"c:\Programowanie\inzFrontend\english-teaching-app-frontend\src\app\pages\landing\components\footerwidget.ts", "TypeScript", 0, 0, 0, 72, 0, 0, 0, 0, 0, 2, 74
"c:\Programowanie\inzFrontend\english-teaching-app-frontend\src\app\pages\landing\components\herowidget.ts", "TypeScript", 0, 0, 0, 24, 0, 0, 0, 0, 0, 2, 26
"c:\Programowanie\inzFrontend\english-teaching-app-frontend\src\app\pages\landing\components\highlightswidget.ts", "TypeScript", 0, 0, 0, 45, 0, 0, 0, 0, 0, 2, 47
"c:\Programowanie\inzFrontend\english-teaching-app-frontend\src\app\pages\landing\components\pricingwidget.ts", "TypeScript", 0, 0, 0, 118, 0, 0, 0, 0, 0, 2, 120
"c:\Programowanie\inzFrontend\english-teaching-app-frontend\src\app\pages\landing\components\topbarwidget.component.ts", "TypeScript", 0, 0, 0, 65, 0, 0, 0, 0, 0, 2, 67
"c:\Programowanie\inzFrontend\english-teaching-app-frontend\src\app\pages\landing\landing.ts", "TypeScript", 0, 0, 0, 30, 0, 0, 0, 0, 0, 2, 32
"c:\Programowanie\inzFrontend\english-teaching-app-frontend\src\app\pages\notfound\notfound.ts", "TypeScript", 0, 0, 0, 67, 0, 0, 0, 0, 0, 2, 69
"c:\Programowanie\inzFrontend\english-teaching-app-frontend\src\app\pages\pages.routes.ts", "TypeScript", 0, 0, 0, 10, 0, 0, 0, 0, 0, 2, 12
"c:\Programowanie\inzFrontend\english-teaching-app-frontend\src\app\pages\service\country.service.ts", "TypeScript", 0, 0, 0, 253, 0, 0, 0, 0, 0, 3, 256
"c:\Programowanie\inzFrontend\english-teaching-app-frontend\src\app\pages\service\customer.service.ts", "TypeScript", 0, 0, 0, 9046, 0, 0, 0, 0, 0, 12, 9058
"c:\Programowanie\inzFrontend\english-teaching-app-frontend\src\app\pages\service\icon.service.ts", "TypeScript", 0, 0, 0, 18, 0, 0, 0, 0, 0, 6, 24
"c:\Programowanie\inzFrontend\english-teaching-app-frontend\src\app\pages\service\node.service.ts", "TypeScript", 0, 0, 0, 801, 0, 0, 0, 0, 0, 16, 817
"c:\Programowanie\inzFrontend\english-teaching-app-frontend\src\app\pages\service\photo.service.ts", "TypeScript", 0, 0, 0, 101, 0, 0, 0, 0, 0, 3, 104
"c:\Programowanie\inzFrontend\english-teaching-app-frontend\src\app\pages\service\product.service.ts", "TypeScript", 0, 0, 0, 1301, 0, 0, 0, 0, 0, 22, 1323
"c:\Programowanie\inzFrontend\english-teaching-app-frontend\src\app\pages\uikit\buttondemo.ts", "TypeScript", 0, 0, 0, 188, 0, 0, 0, 0, 0, 5, 193
"c:\Programowanie\inzFrontend\english-teaching-app-frontend\src\app\pages\uikit\chartdemo.ts", "TypeScript", 0, 0, 0, 278, 0, 0, 0, 0, 0, 25, 303
"c:\Programowanie\inzFrontend\english-teaching-app-frontend\src\app\pages\uikit\filedemo.ts", "TypeScript", 0, 0, 0, 52, 0, 0, 0, 0, 0, 6, 58
"c:\Programowanie\inzFrontend\english-teaching-app-frontend\src\app\pages\uikit\formlayoutdemo.ts", "TypeScript", 0, 0, 0, 127, 0, 0, 0, 0, 0, 3, 130
"c:\Programowanie\inzFrontend\english-teaching-app-frontend\src\app\pages\uikit\inputdemo.ts", "TypeScript", 0, 0, 0, 307, 0, 0, 0, 0, 0, 33, 340
"c:\Programowanie\inzFrontend\english-teaching-app-frontend\src\app\pages\uikit\listdemo.ts", "TypeScript", 0, 0, 0, 196, 0, 0, 0, 0, 0, 16, 212
"c:\Programowanie\inzFrontend\english-teaching-app-frontend\src\app\pages\uikit\mediademo.ts", "TypeScript", 0, 0, 0, 120, 0, 0, 0, 0, 0, 9, 129
"c:\Programowanie\inzFrontend\english-teaching-app-frontend\src\app\pages\uikit\menudemo.ts", "TypeScript", 0, 0, 0, 539, 0, 0, 0, 0, 0, 2, 541
"c:\Programowanie\inzFrontend\english-teaching-app-frontend\src\app\pages\uikit\messagesdemo.ts", "TypeScript", 0, 0, 0, 71, 0, 0, 0, 0, 0, 9, 80
"c:\Programowanie\inzFrontend\english-teaching-app-frontend\src\app\pages\uikit\miscdemo.ts", "TypeScript", 0, 0, 0, 188, 0, 0, 0, 0, 0, 5, 193
"c:\Programowanie\inzFrontend\english-teaching-app-frontend\src\app\pages\uikit\overlaydemo.ts", "TypeScript", 0, 0, 0, 210, 0, 0, 0, 0, 0, 21, 231
"c:\Programowanie\inzFrontend\english-teaching-app-frontend\src\app\pages\uikit\panelsdemo.ts", "TypeScript", 0, 0, 0, 234, 0, 0, 0, 0, 0, 2, 236
"c:\Programowanie\inzFrontend\english-teaching-app-frontend\src\app\pages\uikit\tabledemo.ts", "TypeScript", 0, 0, 0, 532, 0, 0, 0, 0, 1, 37, 570
"c:\Programowanie\inzFrontend\english-teaching-app-frontend\src\app\pages\uikit\timelinedemo.ts", "TypeScript", 0, 0, 0, 137, 0, 0, 0, 0, 0, 5, 142
"c:\Programowanie\inzFrontend\english-teaching-app-frontend\src\app\pages\uikit\treedemo.ts", "TypeScript", 0, 0, 0, 64, 0, 0, 0, 0, 0, 10, 74
"c:\Programowanie\inzFrontend\english-teaching-app-frontend\src\app\pages\uikit\uikit.routes.ts", "TypeScript", 0, 0, 0, 34, 0, 0, 0, 0, 0, 2, 36
"c:\Programowanie\inzFrontend\english-teaching-app-frontend\src\app\services\announcement.service.ts", "TypeScript", 0, 0, 0, 85, 0, 0, 0, 0, 0, 16, 101
"c:\Programowanie\inzFrontend\english-teaching-app-frontend\src\app\services\assignment.service.ts", "TypeScript", 0, 0, 0, 86, 0, 0, 0, 0, 0, 19, 105
"c:\Programowanie\inzFrontend\english-teaching-app-frontend\src\app\services\attendance.service.ts", "TypeScript", 0, 0, 0, 31, 0, 0, 0, 0, 0, 7, 38
"c:\Programowanie\inzFrontend\english-teaching-app-frontend\src\app\services\auth.service.spec.ts", "TypeScript", 0, 0, 0, 12, 0, 0, 0, 0, 0, 5, 17
"c:\Programowanie\inzFrontend\english-teaching-app-frontend\src\app\services\auth.service.ts", "TypeScript", 0, 0, 0, 95, 0, 0, 0, 0, 2, 16, 113
"c:\Programowanie\inzFrontend\english-teaching-app-frontend\src\app\services\catalogue.service.ts", "TypeScript", 0, 0, 0, 56, 0, 0, 0, 0, 0, 11, 67
"c:\Programowanie\inzFrontend\english-teaching-app-frontend\src\app\services\course.service.ts", "TypeScript", 0, 0, 0, 58, 0, 0, 0, 0, 0, 13, 71
"c:\Programowanie\inzFrontend\english-teaching-app-frontend\src\app\services\credit.service.ts", "TypeScript", 0, 0, 0, 51, 0, 0, 0, 0, 0, 9, 60
"c:\Programowanie\inzFrontend\english-teaching-app-frontend\src\app\services\dashboard.service.ts", "TypeScript", 0, 0, 0, 57, 0, 0, 0, 0, 0, 9, 66
"c:\Programowanie\inzFrontend\english-teaching-app-frontend\src\app\services\essay.service.ts", "TypeScript", 0, 0, 0, 45, 0, 0, 0, 0, 0, 9, 54
"c:\Programowanie\inzFrontend\english-teaching-app-frontend\src\app\services\examination.service.ts", "TypeScript", 0, 0, 0, 36, 0, 0, 0, 0, 0, 6, 42
"c:\Programowanie\inzFrontend\english-teaching-app-frontend\src\app\services\lesson-context.service.ts", "TypeScript", 0, 0, 0, 20, 0, 0, 0, 0, 0, 5, 25
"c:\Programowanie\inzFrontend\english-teaching-app-frontend\src\app\services\lesson-panel.service.ts", "TypeScript", 0, 0, 0, 137, 0, 0, 0, 0, 0, 24, 161
"c:\Programowanie\inzFrontend\english-teaching-app-frontend\src\app\services\lesson.service.ts", "TypeScript", 0, 0, 0, 164, 0, 0, 0, 0, 0, 33, 197
"c:\Programowanie\inzFrontend\english-teaching-app-frontend\src\app\services\matrix.service.ts", "TypeScript", 0, 0, 0, 64, 0, 0, 0, 0, 0, 14, 78
"c:\Programowanie\inzFrontend\english-teaching-app-frontend\src\app\services\module.service.ts", "TypeScript", 0, 0, 0, 88, 0, 0, 0, 0, 0, 17, 105
"c:\Programowanie\inzFrontend\english-teaching-app-frontend\src\app\services\options.service.ts", "TypeScript", 0, 0, 0, 27, 0, 0, 0, 0, 0, 5, 32
"c:\Programowanie\inzFrontend\english-teaching-app-frontend\src\app\services\profile.service.ts", "TypeScript", 0, 0, 0, 50, 0, 0, 0, 0, 0, 5, 55
"c:\Programowanie\inzFrontend\english-teaching-app-frontend\src\app\services\program.service.ts", "TypeScript", 0, 0, 0, 50, 0, 0, 0, 0, 0, 11, 61
"c:\Programowanie\inzFrontend\english-teaching-app-frontend\src\app\services\ranking.service.ts", "TypeScript", 0, 0, 0, 38, 0, 0, 0, 0, 0, 6, 44
"c:\Programowanie\inzFrontend\english-teaching-app-frontend\src\app\services\section-activity.service.ts", "TypeScript", 0, 0, 0, 9, 0, 0, 0, 0, 0, 2, 11
"c:\Programowanie\inzFrontend\english-teaching-app-frontend\src\app\services\sentence.service.ts", "TypeScript", 0, 0, 0, 151, 0, 0, 0, 0, 0, 31, 182
"c:\Programowanie\inzFrontend\english-teaching-app-frontend\src\app\services\student-services\content.service.ts", "TypeScript", 0, 0, 0, 109, 0, 0, 0, 0, 0, 20, 129
"c:\Programowanie\inzFrontend\english-teaching-app-frontend\src\app\services\student-services\flashcard.service.ts", "TypeScript", 0, 0, 0, 54, 0, 0, 0, 0, 0, 9, 63
"c:\Programowanie\inzFrontend\english-teaching-app-frontend\src\app\services\student-services\student.service.ts", "TypeScript", 0, 0, 0, 141, 0, 0, 0, 0, 0, 27, 168
"c:\Programowanie\inzFrontend\english-teaching-app-frontend\src\app\services\theater.service.ts", "TypeScript", 0, 0, 0, 52, 0, 0, 0, 0, 0, 10, 62
"c:\Programowanie\inzFrontend\english-teaching-app-frontend\src\app\services\user.service.spec.ts", "TypeScript", 0, 0, 0, 12, 0, 0, 0, 0, 0, 5, 17
"c:\Programowanie\inzFrontend\english-teaching-app-frontend\src\app\services\user.service.ts", "TypeScript", 0, 0, 0, 61, 0, 0, 0, 0, 0, 12, 73
"c:\Programowanie\inzFrontend\english-teaching-app-frontend\src\app\services\vocabulary.service.ts", "TypeScript", 0, 0, 0, 78, 0, 0, 0, 0, 0, 17, 95
"c:\Programowanie\inzFrontend\english-teaching-app-frontend\src\app\shared\guards\auth.guard.spec.ts", "TypeScript", 0, 0, 0, 13, 0, 0, 0, 0, 0, 5, 18
"c:\Programowanie\inzFrontend\english-teaching-app-frontend\src\app\shared\guards\auth.guard.ts", "TypeScript", 0, 0, 0, 17, 0, 0, 0, 0, 0, 3, 20
"c:\Programowanie\inzFrontend\english-teaching-app-frontend\src\app\shared\interceptors\auth.interceptor.spec.ts", "TypeScript", 0, 0, 0, 13, 0, 0, 0, 0, 0, 5, 18
"c:\Programowanie\inzFrontend\english-teaching-app-frontend\src\app\shared\interceptors\auth.interceptor.ts", "TypeScript", 0, 0, 0, 28, 0, 0, 0, 0, 0, 4, 32
"c:\Programowanie\inzFrontend\english-teaching-app-frontend\src\app\shared\interceptors\error.interceptor.ts", "TypeScript", 0, 0, 0, 26, 0, 0, 0, 0, 0, 5, 31
"c:\Programowanie\inzFrontend\english-teaching-app-frontend\src\app\shared\primeng.module.ts", "TypeScript", 0, 0, 0, 18, 0, 0, 0, 0, 0, 1, 19
"c:\Programowanie\inzFrontend\english-teaching-app-frontend\src\app\stocksAndSets\sentence-stock\sentence-stock.component.html", "HTML", 0, 0, 315, 0, 0, 0, 0, 0, 0, 51, 366
"c:\Programowanie\inzFrontend\english-teaching-app-frontend\src\app\stocksAndSets\sentence-stock\sentence-stock.component.scss", "SCSS", 0, 0, 0, 0, 0, 0, 0, 0, 0, 1, 1
"c:\Programowanie\inzFrontend\english-teaching-app-frontend\src\app\stocksAndSets\sentence-stock\sentence-stock.component.spec.ts", "TypeScript", 0, 0, 0, 18, 0, 0, 0, 0, 0, 6, 24
"c:\Programowanie\inzFrontend\english-teaching-app-frontend\src\app\stocksAndSets\sentence-stock\sentence-stock.component.ts", "TypeScript", 0, 0, 0, 275, 0, 0, 0, 0, 0, 80, 355
"c:\Programowanie\inzFrontend\english-teaching-app-frontend\src\app\stocksAndSets\sentence-task\sentence-task.component.html", "HTML", 0, 0, 176, 0, 0, 0, 0, 0, 0, 23, 199
"c:\Programowanie\inzFrontend\english-teaching-app-frontend\src\app\stocksAndSets\sentence-task\sentence-task.component.scss", "SCSS", 0, 0, 0, 0, 0, 7, 0, 0, 0, 1, 8
"c:\Programowanie\inzFrontend\english-teaching-app-frontend\src\app\stocksAndSets\sentence-task\sentence-task.component.spec.ts", "TypeScript", 0, 0, 0, 18, 0, 0, 0, 0, 0, 6, 24
"c:\Programowanie\inzFrontend\english-teaching-app-frontend\src\app\stocksAndSets\sentence-task\sentence-task.component.ts", "TypeScript", 0, 0, 0, 177, 0, 0, 0, 0, 0, 23, 200
"c:\Programowanie\inzFrontend\english-teaching-app-frontend\src\app\stocksAndSets\sets-composer\sets-composer.component.html", "HTML", 0, 0, 126, 0, 0, 0, 0, 0, 4, 18, 148
"c:\Programowanie\inzFrontend\english-teaching-app-frontend\src\app\stocksAndSets\sets-composer\sets-composer.component.scss", "SCSS", 0, 0, 0, 0, 0, 0, 0, 0, 0, 1, 1
"c:\Programowanie\inzFrontend\english-teaching-app-frontend\src\app\stocksAndSets\sets-composer\sets-composer.component.spec.ts", "TypeScript", 0, 0, 0, 18, 0, 0, 0, 0, 0, 6, 24
"c:\Programowanie\inzFrontend\english-teaching-app-frontend\src\app\stocksAndSets\sets-composer\sets-composer.component.ts", "TypeScript", 0, 0, 0, 146, 0, 0, 0, 0, 0, 18, 164
"c:\Programowanie\inzFrontend\english-teaching-app-frontend\src\app\student-view\activity-points\activity-points.component.html", "HTML", 0, 0, 55, 0, 0, 0, 0, 0, 0, 0, 55
"c:\Programowanie\inzFrontend\english-teaching-app-frontend\src\app\student-view\activity-points\activity-points.component.scss", "SCSS", 0, 0, 0, 0, 0, 0, 0, 0, 0, 1, 1
"c:\Programowanie\inzFrontend\english-teaching-app-frontend\src\app\student-view\activity-points\activity-points.component.spec.ts", "TypeScript", 0, 0, 0, 18, 0, 0, 0, 0, 0, 6, 24
"c:\Programowanie\inzFrontend\english-teaching-app-frontend\src\app\student-view\activity-points\activity-points.component.ts", "TypeScript", 0, 0, 0, 76, 0, 0, 0, 0, 0, 16, 92
"c:\Programowanie\inzFrontend\english-teaching-app-frontend\src\app\student-view\assignments\assignments.component.html", "HTML", 0, 0, 153, 0, 0, 0, 0, 0, 0, 24, 177
"c:\Programowanie\inzFrontend\english-teaching-app-frontend\src\app\student-view\assignments\assignments.component.scss", "SCSS", 0, 0, 0, 0, 0, 0, 0, 0, 0, 1, 1
"c:\Programowanie\inzFrontend\english-teaching-app-frontend\src\app\student-view\assignments\assignments.component.spec.ts", "TypeScript", 0, 0, 0, 18, 0, 0, 0, 0, 0, 6, 24
"c:\Programowanie\inzFrontend\english-teaching-app-frontend\src\app\student-view\assignments\assignments.component.ts", "TypeScript", 0, 0, 0, 79, 0, 0, 0, 0, 0, 17, 96
"c:\Programowanie\inzFrontend\english-teaching-app-frontend\src\app\student-view\essay-module\essay-module.component.html", "HTML", 0, 0, 76, 0, 0, 0, 0, 0, 5, 12, 93
"c:\Programowanie\inzFrontend\english-teaching-app-frontend\src\app\student-view\essay-module\essay-module.component.scss", "SCSS", 0, 0, 0, 0, 0, 0, 0, 0, 0, 1, 1
"c:\Programowanie\inzFrontend\english-teaching-app-frontend\src\app\student-view\essay-module\essay-module.component.spec.ts", "TypeScript", 0, 0, 0, 18, 0, 0, 0, 0, 0, 6, 24
"c:\Programowanie\inzFrontend\english-teaching-app-frontend\src\app\student-view\essay-module\essay-module.component.ts", "TypeScript", 0, 0, 0, 73, 0, 0, 0, 0, 0, 6, 79
"c:\Programowanie\inzFrontend\english-teaching-app-frontend\src\app\student-view\flashcard-panel\flashcard-panel.component.html", "HTML", 0, 0, 186, 0, 0, 0, 0, 0, 5, 8, 199
"c:\Programowanie\inzFrontend\english-teaching-app-frontend\src\app\student-view\flashcard-panel\flashcard-panel.component.scss", "SCSS", 0, 0, 0, 0, 0, 0, 0, 0, 0, 1, 1
"c:\Programowanie\inzFrontend\english-teaching-app-frontend\src\app\student-view\flashcard-panel\flashcard-panel.component.spec.ts", "TypeScript", 0, 0, 0, 18, 0, 0, 0, 0, 0, 6, 24
"c:\Programowanie\inzFrontend\english-teaching-app-frontend\src\app\student-view\flashcard-panel\flashcard-panel.component.ts", "TypeScript", 0, 0, 0, 87, 0, 0, 0, 0, 0, 12, 99
"c:\Programowanie\inzFrontend\english-teaching-app-frontend\src\app\student-view\flashcard-study-mode\flashcard-study-mode.component.html", "HTML", 0, 0, 105, 0, 0, 0, 0, 0, 0, 15, 120
"c:\Programowanie\inzFrontend\english-teaching-app-frontend\src\app\student-view\flashcard-study-mode\flashcard-study-mode.component.scss", "SCSS", 0, 0, 0, 0, 0, 56, 0, 0, 0, 17, 73
"c:\Programowanie\inzFrontend\english-teaching-app-frontend\src\app\student-view\flashcard-study-mode\flashcard-study-mode.component.spec.ts", "TypeScript", 0, 0, 0, 18, 0, 0, 0, 0, 0, 6, 24
"c:\Programowanie\inzFrontend\english-teaching-app-frontend\src\app\student-view\flashcard-study-mode\flashcard-study-mode.component.ts", "TypeScript", 0, 0, 0, 130, 0, 0, 0, 0, 0, 26, 156
"c:\Programowanie\inzFrontend\english-teaching-app-frontend\src\app\student-view\grades\grades.component.html", "HTML", 0, 0, 42, 0, 0, 0, 0, 0, 0, 2, 44
"c:\Programowanie\inzFrontend\english-teaching-app-frontend\src\app\student-view\grades\grades.component.scss", "SCSS", 0, 0, 0, 0, 0, 0, 0, 0, 0, 1, 1
"c:\Programowanie\inzFrontend\english-teaching-app-frontend\src\app\student-view\grades\grades.component.spec.ts", "TypeScript", 0, 0, 0, 18, 0, 0, 0, 0, 0, 6, 24
"c:\Programowanie\inzFrontend\english-teaching-app-frontend\src\app\student-view\grades\grades.component.ts", "TypeScript", 0, 0, 0, 35, 0, 0, 0, 0, 0, 5, 40
"c:\Programowanie\inzFrontend\english-teaching-app-frontend\src\app\student-view\last-week\last-week.component.html", "HTML", 0, 0, 73, 0, 0, 0, 0, 0, 2, 5, 80
"c:\Programowanie\inzFrontend\english-teaching-app-frontend\src\app\student-view\last-week\last-week.component.scss", "SCSS", 0, 0, 0, 0, 0, 0, 0, 0, 0, 1, 1
"c:\Programowanie\inzFrontend\english-teaching-app-frontend\src\app\student-view\last-week\last-week.component.spec.ts", "TypeScript", 0, 0, 0, 18, 0, 0, 0, 0, 0, 6, 24
"c:\Programowanie\inzFrontend\english-teaching-app-frontend\src\app\student-view\last-week\last-week.component.ts", "TypeScript", 0, 0, 0, 36, 0, 0, 0, 0, 0, 4, 40
"c:\Programowanie\inzFrontend\english-teaching-app-frontend\src\app\student-view\memories\memories.component.html", "HTML", 0, 0, 43, 0, 0, 0, 0, 0, 0, 5, 48
"c:\Programowanie\inzFrontend\english-teaching-app-frontend\src\app\student-view\memories\memories.component.scss", "SCSS", 0, 0, 0, 0, 0, 0, 0, 0, 0, 1, 1
"c:\Programowanie\inzFrontend\english-teaching-app-frontend\src\app\student-view\memories\memories.component.spec.ts", "TypeScript", 0, 0, 0, 18, 0, 0, 0, 0, 0, 6, 24
"c:\Programowanie\inzFrontend\english-teaching-app-frontend\src\app\student-view\memories\memories.component.ts", "TypeScript", 0, 0, 0, 34, 0, 0, 0, 0, 0, 3, 37
"c:\Programowanie\inzFrontend\english-teaching-app-frontend\src\app\student-view\module-player\module-player.component.html", "HTML", 0, 0, 84, 0, 0, 0, 0, 0, 0, 15, 99
"c:\Programowanie\inzFrontend\english-teaching-app-frontend\src\app\student-view\module-player\module-player.component.scss", "SCSS", 0, 0, 0, 0, 0, 0, 0, 0, 0, 1, 1
"c:\Programowanie\inzFrontend\english-teaching-app-frontend\src\app\student-view\module-player\module-player.component.spec.ts", "TypeScript", 0, 0, 0, 18, 0, 0, 0, 0, 0, 6, 24
"c:\Programowanie\inzFrontend\english-teaching-app-frontend\src\app\student-view\module-player\module-player.component.ts", "TypeScript", 0, 0, 0, 157, 0, 0, 0, 0, 0, 31, 188
"c:\Programowanie\inzFrontend\english-teaching-app-frontend\src\app\student-view\presentation\presentation.component.html", "HTML", 0, 0, 112, 0, 0, 0, 0, 0, 0, 41, 153
"c:\Programowanie\inzFrontend\english-teaching-app-frontend\src\app\student-view\presentation\presentation.component.scss", "SCSS", 0, 0, 0, 0, 0, 7, 0, 0, 0, 1, 8
"c:\Programowanie\inzFrontend\english-teaching-app-frontend\src\app\student-view\presentation\presentation.component.spec.ts", "TypeScript", 0, 0, 0, 18, 0, 0, 0, 0, 0, 6, 24
"c:\Programowanie\inzFrontend\english-teaching-app-frontend\src\app\student-view\presentation\presentation.component.ts", "TypeScript", 0, 0, 0, 80, 0, 0, 0, 0, 0, 9, 89
"c:\Programowanie\inzFrontend\english-teaching-app-frontend\src\app\student-view\pronunciation\pronunciation.component.html", "HTML", 0, 0, 135, 0, 0, 0, 0, 0, 6, 18, 159
"c:\Programowanie\inzFrontend\english-teaching-app-frontend\src\app\student-view\pronunciation\pronunciation.component.scss", "SCSS", 0, 0, 0, 0, 0, 0, 0, 0, 0, 1, 1
"c:\Programowanie\inzFrontend\english-teaching-app-frontend\src\app\student-view\pronunciation\pronunciation.component.spec.ts", "TypeScript", 0, 0, 0, 18, 0, 0, 0, 0, 0, 6, 24
"c:\Programowanie\inzFrontend\english-teaching-app-frontend\src\app\student-view\pronunciation\pronunciation.component.ts", "TypeScript", 0, 0, 0, 67, 0, 0, 0, 0, 0, 10, 77
"c:\Programowanie\inzFrontend\english-teaching-app-frontend\src\app\student-view\sentences-cards\sentences-cards.component.html", "HTML", 0, 0, 89, 0, 0, 0, 0, 0, 0, 18, 107
"c:\Programowanie\inzFrontend\english-teaching-app-frontend\src\app\student-view\sentences-cards\sentences-cards.component.scss", "SCSS", 0, 0, 0, 0, 0, 45, 0, 0, 0, 7, 52
"c:\Programowanie\inzFrontend\english-teaching-app-frontend\src\app\student-view\sentences-cards\sentences-cards.component.spec.ts", "TypeScript", 0, 0, 0, 18, 0, 0, 0, 0, 0, 6, 24
"c:\Programowanie\inzFrontend\english-teaching-app-frontend\src\app\student-view\sentences-cards\sentences-cards.component.ts", "TypeScript", 0, 0, 0, 166, 0, 0, 0, 0, 0, 40, 206
"c:\Programowanie\inzFrontend\english-teaching-app-frontend\src\app\student-view\sentences\sentences.component.html", "HTML", 0, 0, 49, 0, 0, 0, 0, 0, 0, 5, 54
"c:\Programowanie\inzFrontend\english-teaching-app-frontend\src\app\student-view\sentences\sentences.component.scss", "SCSS", 0, 0, 0, 0, 0, 0, 0, 0, 0, 1, 1
"c:\Programowanie\inzFrontend\english-teaching-app-frontend\src\app\student-view\sentences\sentences.component.spec.ts", "TypeScript", 0, 0, 0, 18, 0, 0, 0, 0, 0, 6, 24
"c:\Programowanie\inzFrontend\english-teaching-app-frontend\src\app\student-view\sentences\sentences.component.ts", "TypeScript", 0, 0, 0, 41, 0, 0, 0, 0, 0, 6, 47
"c:\Programowanie\inzFrontend\english-teaching-app-frontend\src\app\student-view\stats\stats.component.html", "HTML", 0, 0, 117, 0, 0, 0, 0, 0, 0, 13, 130
"c:\Programowanie\inzFrontend\english-teaching-app-frontend\src\app\student-view\stats\stats.component.scss", "SCSS", 0, 0, 0, 0, 0, 0, 0, 0, 0, 1, 1
"c:\Programowanie\inzFrontend\english-teaching-app-frontend\src\app\student-view\stats\stats.component.spec.ts", "TypeScript", 0, 0, 0, 18, 0, 0, 0, 0, 0, 6, 24
"c:\Programowanie\inzFrontend\english-teaching-app-frontend\src\app\student-view\stats\stats.component.ts", "TypeScript", 0, 0, 0, 140, 0, 0, 0, 0, 0, 12, 152
"c:\Programowanie\inzFrontend\english-teaching-app-frontend\src\app\student-view\user-course\user-course.component.html", "HTML", 0, 0, 389, 0, 0, 0, 0, 0, 0, 38, 427
"c:\Programowanie\inzFrontend\english-teaching-app-frontend\src\app\student-view\user-course\user-course.component.scss", "SCSS", 0, 0, 0, 0, 0, 67, 0, 0, 0, 17, 84
"c:\Programowanie\inzFrontend\english-teaching-app-frontend\src\app\student-view\user-course\user-course.component.spec.ts", "TypeScript", 0, 0, 0, 18, 0, 0, 0, 0, 0, 6, 24
"c:\Programowanie\inzFrontend\english-teaching-app-frontend\src\app\student-view\user-course\user-course.component.ts", "TypeScript", 0, 0, 0, 279, 0, 0, 0, 0, 0, 33, 312
"c:\Programowanie\inzFrontend\english-teaching-app-frontend\src\app\student-view\vocabulary\vocabulary.component.html", "HTML", 0, 0, 45, 0, 0, 0, 0, 0, 0, 5, 50
"c:\Programowanie\inzFrontend\english-teaching-app-frontend\src\app\student-view\vocabulary\vocabulary.component.scss", "SCSS", 0, 0, 0, 0, 0, 0, 0, 0, 0, 1, 1
"c:\Programowanie\inzFrontend\english-teaching-app-frontend\src\app\student-view\vocabulary\vocabulary.component.spec.ts", "TypeScript", 0, 0, 0, 18, 0, 0, 0, 0, 0, 6, 24
"c:\Programowanie\inzFrontend\english-teaching-app-frontend\src\app\student-view\vocabulary\vocabulary.component.ts", "TypeScript", 0, 0, 0, 29, 0, 0, 0, 0, 0, 3, 32
"c:\Programowanie\inzFrontend\english-teaching-app-frontend\src\app\user\profile-detail\profile-detail.component.html", "HTML", 0, 0, 100, 0, 0, 0, 0, 0, 0, 16, 116
"c:\Programowanie\inzFrontend\english-teaching-app-frontend\src\app\user\profile-detail\profile-detail.component.scss", "SCSS", 0, 0, 0, 0, 0, 0, 0, 0, 0, 1, 1
"c:\Programowanie\inzFrontend\english-teaching-app-frontend\src\app\user\profile-detail\profile-detail.component.spec.ts", "TypeScript", 0, 0, 0, 18, 0, 0, 0, 0, 0, 6, 24
"c:\Programowanie\inzFrontend\english-teaching-app-frontend\src\app\user\profile-detail\profile-detail.component.ts", "TypeScript", 0, 0, 0, 165, 0, 0, 0, 0, 0, 21, 186
"c:\Programowanie\inzFrontend\english-teaching-app-frontend\src\app\user\profile\profile.component.html", "HTML", 0, 0, 54, 0, 0, 0, 0, 0, 0, 4, 58
"c:\Programowanie\inzFrontend\english-teaching-app-frontend\src\app\user\profile\profile.component.scss", "SCSS", 0, 0, 0, 0, 0, 0, 0, 0, 0, 1, 1
"c:\Programowanie\inzFrontend\english-teaching-app-frontend\src\app\user\profile\profile.component.spec.ts", "TypeScript", 0, 0, 0, 18, 0, 0, 0, 0, 0, 6, 24
"c:\Programowanie\inzFrontend\english-teaching-app-frontend\src\app\user\profile\profile.component.ts", "TypeScript", 0, 0, 0, 40, 0, 0, 0, 0, 0, 5, 45
"c:\Programowanie\inzFrontend\english-teaching-app-frontend\src\app\user\register-user\register-user.component.html", "HTML", 0, 0, 49, 0, 0, 0, 0, 0, 0, 9, 58
"c:\Programowanie\inzFrontend\english-teaching-app-frontend\src\app\user\register-user\register-user.component.scss", "SCSS", 0, 0, 0, 0, 0, 0, 0, 0, 0, 1, 1
"c:\Programowanie\inzFrontend\english-teaching-app-frontend\src\app\user\register-user\register-user.component.spec.ts", "TypeScript", 0, 0, 0, 18, 0, 0, 0, 0, 0, 6, 24
"c:\Programowanie\inzFrontend\english-teaching-app-frontend\src\app\user\register-user\register-user.component.ts", "TypeScript", 0, 0, 0, 83, 0, 0, 0, 0, 0, 10, 93
"c:\Programowanie\inzFrontend\english-teaching-app-frontend\src\app\user\user-crud\user-crud.component.html", "HTML", 0, 0, 107, 0, 0, 0, 0, 0, 0, 11, 118
"c:\Programowanie\inzFrontend\english-teaching-app-frontend\src\app\user\user-crud\user-crud.component.scss", "SCSS", 0, 0, 0, 0, 0, 0, 0, 0, 0, 1, 1
"c:\Programowanie\inzFrontend\english-teaching-app-frontend\src\app\user\user-crud\user-crud.component.spec.ts", "TypeScript", 0, 0, 0, 18, 0, 0, 0, 0, 0, 6, 24
"c:\Programowanie\inzFrontend\english-teaching-app-frontend\src\app\user\user-crud\user-crud.component.ts", "TypeScript", 0, 0, 0, 161, 0, 0, 0, 0, 0, 23, 184
"c:\Programowanie\inzFrontend\english-teaching-app-frontend\src\app\vocabulary\assign-global-vocabulary\assign-global-vocabulary.component.html", "HTML", 0, 0, 120, 0, 0, 0, 0, 0, 0, 12, 132
"c:\Programowanie\inzFrontend\english-teaching-app-frontend\src\app\vocabulary\assign-global-vocabulary\assign-global-vocabulary.component.scss", "SCSS", 0, 0, 0, 0, 0, 0, 0, 0, 0, 1, 1
"c:\Programowanie\inzFrontend\english-teaching-app-frontend\src\app\vocabulary\assign-global-vocabulary\assign-global-vocabulary.component.spec.ts", "TypeScript", 0, 0, 0, 18, 0, 0, 0, 0, 0, 6, 24
"c:\Programowanie\inzFrontend\english-teaching-app-frontend\src\app\vocabulary\assign-global-vocabulary\assign-global-vocabulary.component.ts", "TypeScript", 0, 0, 0, 155, 0, 0, 0, 0, 0, 20, 175
"c:\Programowanie\inzFrontend\english-teaching-app-frontend\src\app\vocabulary\global-vocabulary\global-vocabulary.component.html", "HTML", 0, 0, 126, 0, 0, 0, 0, 0, 0, 13, 139
"c:\Programowanie\inzFrontend\english-teaching-app-frontend\src\app\vocabulary\global-vocabulary\global-vocabulary.component.scss", "SCSS", 0, 0, 0, 0, 0, 0, 0, 0, 0, 1, 1
"c:\Programowanie\inzFrontend\english-teaching-app-frontend\src\app\vocabulary\global-vocabulary\global-vocabulary.component.spec.ts", "TypeScript", 0, 0, 0, 18, 0, 0, 0, 0, 0, 6, 24
"c:\Programowanie\inzFrontend\english-teaching-app-frontend\src\app\vocabulary\global-vocabulary\global-vocabulary.component.ts", "TypeScript", 0, 0, 0, 176, 0, 0, 0, 0, 0, 20, 196
"c:\Programowanie\inzFrontend\english-teaching-app-frontend\src\assets\demo\code.scss", "SCSS", 0, 0, 0, 0, 0, 16, 0, 0, 0, 2, 18
"c:\Programowanie\inzFrontend\english-teaching-app-frontend\src\assets\demo\demo.scss", "SCSS", 0, 0, 0, 0, 0, 2, 0, 0, 0, 1, 3
"c:\Programowanie\inzFrontend\english-teaching-app-frontend\src\assets\demo\flags\flags.scss", "SCSS", 0, 0, 0, 0, 0, 1, 0, 0, 0, 1, 2
"c:\Programowanie\inzFrontend\english-teaching-app-frontend\src\assets\layout\_core.scss", "SCSS", 0, 0, 0, 0, 0, 21, 0, 0, 0, 4, 25
"c:\Programowanie\inzFrontend\english-teaching-app-frontend\src\assets\layout\_footer.scss", "SCSS", 0, 0, 0, 0, 0, 8, 0, 0, 0, 1, 9
"c:\Programowanie\inzFrontend\english-teaching-app-frontend\src\assets\layout\_main.scss", "SCSS", 0, 0, 0, 0, 0, 12, 0, 0, 0, 2, 14
"c:\Programowanie\inzFrontend\english-teaching-app-frontend\src\assets\layout\_menu.scss", "SCSS", 0, 0, 0, 0, 0, 135, 0, 0, 0, 26, 161
"c:\Programowanie\inzFrontend\english-teaching-app-frontend\src\assets\layout\_mixins.scss", "SCSS", 0, 0, 0, 0, 0, 14, 0, 0, 0, 2, 16
"c:\Programowanie\inzFrontend\english-teaching-app-frontend\src\assets\layout\_preloading.scss", "SCSS", 0, 0, 0, 0, 0, 44, 0, 0, 0, 4, 48
"c:\Programowanie\inzFrontend\english-teaching-app-frontend\src\assets\layout\_responsive.scss", "SCSS", 0, 0, 0, 0, 0, 97, 0, 0, 0, 14, 111
"c:\Programowanie\inzFrontend\english-teaching-app-frontend\src\assets\layout\_topbar.scss", "SCSS", 0, 0, 0, 0, 0, 134, 0, 0, 0, 27, 161
"c:\Programowanie\inzFrontend\english-teaching-app-frontend\src\assets\layout\_typography.scss", "SCSS", 0, 0, 0, 0, 0, 56, 0, 0, 0, 13, 69
"c:\Programowanie\inzFrontend\english-teaching-app-frontend\src\assets\layout\_utils.scss", "SCSS", 0, 0, 0, 0, 0, 21, 0, 0, 1, 4, 26
"c:\Programowanie\inzFrontend\english-teaching-app-frontend\src\assets\layout\layout.scss", "SCSS", 0, 0, 0, 0, 0, 13, 0, 0, 0, 1, 14
"c:\Programowanie\inzFrontend\english-teaching-app-frontend\src\assets\layout\variables\_common.scss", "SCSS", 0, 0, 0, 0, 0, 20, 0, 0, 0, 1, 21
"c:\Programowanie\inzFrontend\english-teaching-app-frontend\src\assets\layout\variables\_dark.scss", "SCSS", 0, 0, 0, 0, 0, 5, 0, 0, 0, 1, 6
"c:\Programowanie\inzFrontend\english-teaching-app-frontend\src\assets\layout\variables\_light.scss", "SCSS", 0, 0, 0, 0, 0, 5, 0, 0, 0, 1, 6
"c:\Programowanie\inzFrontend\english-teaching-app-frontend\src\environments\environment.prod.ts", "TypeScript", 0, 0, 0, 3, 0, 0, 0, 0, 0, 0, 3
"c:\Programowanie\inzFrontend\english-teaching-app-frontend\src\environments\environment.ts", "TypeScript", 0, 0, 0, 3, 0, 0, 0, 0, 0, 1, 4
"c:\Programowanie\inzFrontend\english-teaching-app-frontend\src\index.html", "HTML", 0, 0, 15, 0, 0, 0, 0, 0, 0, 3, 18
"c:\Programowanie\inzFrontend\english-teaching-app-frontend\src\main.ts", "TypeScript", 0, 0, 0, 10, 0, 0, 0, 0, 0, 4, 14
"c:\Programowanie\inzFrontend\english-teaching-app-frontend\src\styles.scss", "SCSS", 0, 0, 0, 0, 0, 4, 0, 0, 1, 1, 6
"c:\Programowanie\inzFrontend\english-teaching-app-frontend\src\tailwind.css", "PostCSS", 0, 0, 0, 0, 3, 0, 0, 0, 0, 0, 3
"c:\Programowanie\inzFrontend\english-teaching-app-frontend\tailwind.config.js", "JavaScript", 0, 15, 0, 0, 0, 0, 0, 0, 1, 1, 17
"c:\Programowanie\inzFrontend\english-teaching-app-frontend\tsconfig.app.json", "JSON", 13, 0, 0, 0, 0, 0, 0, 0, 2, 1, 16
"c:\Programowanie\inzFrontend\english-teaching-app-frontend\tsconfig.json", "JSON with Comments", 0, 0, 0, 0, 0, 0, 25, 0, 2, 1, 28
"c:\Programowanie\inzFrontend\english-teaching-app-frontend\tsconfig.spec.json", "JSON", 13, 0, 0, 0, 0, 0, 0, 0, 2, 1, 16
"Total", "-", 17001, 104, 8857, 28860, 3, 1319, 25, 122, 119, 3926, 60336